id,name,model_id:id,group_id:id,perm_read,perm_write,perm_create,perm_unlink
access_account_analytic_account_manager,account.analytic.account,analytic.model_account_analytic_account,vanbanden.group_vanbanden_manager,1,1,1,1
access_account_analytic_account_user,account.analytic.account,analytic.model_account_analytic_account,vanbanden.group_vanbanden_user,1,0,0,0
access_account_analytic_line_vanbanden,account.analytic.line vanbanden,analytic.model_account_analytic_line,vanbanden.group_vanbanden_manager,1,1,1,1
access_partner_task user,base.res.partner user,base.model_res_partner,vanbanden.group_vanbanden_user,1,0,0,0
access_mail_alias,mail.alias,mail.model_mail_alias,vanbanden.group_vanbanden_manager,1,1,1,1
access_report_vanbanden_task_user,report.vanbanden.task.user,model_report_vanbanden_task_user,vanbanden.group_vanbanden_manager,1,1,1,1
access_vanbanden_tags_manager,vanbanden.vanbanden_tags_manager,model_vanbanden_tags,vanbanden.group_vanbanden_manager,1,1,1,1
access_vanbanden_tags_all,vanbanden.vanbanden_tags_all,model_vanbanden_tags,,1,0,0,0
access_task_on_partner,vanbanden.task on partners,model_vanbanden_task,base.group_user,0,0,0,0
access_vanbanden_task_group_vanbanden_user,vanbanden.task-group_vanbanden_user,model_vanbanden_task,vanbanden.group_vanbanden_user,1,0,0,0
access_vanbanden_task_group_vanbanden_nguoi_khoi_tao,vanbanden.task-group_vanbanden_nguoi_khoi_tao,model_vanbanden_task,vanbanden.group_vanbanden_nguoi_khoi_tao,1,1,1,1
access_vanbanden_task_group_vanbanden_van_thu,vanbanden.task-group_vanbanden_van_thu,model_vanbanden_task,vanbanden.group_vanbanden_van_thu,1,1,0,0
access_vanbanden_task_group_vanbanden_thu_ky_cm,vanbanden.task-group_vanbanden_thu_ky_cm,model_vanbanden_task,vanbanden.group_vanbanden_thu_ky_cm,1,1,0,0
access_vanbanden_task_group_vanbanden_manager,vanbanden.task-group_vanbanden_manager,model_vanbanden_task,vanbanden.group_vanbanden_manager,1,1,1,1
access_vanbanden_task_type_user,vanbanden.task.type.user,model_vanbanden_task_type,base.group_user,1,0,0,0
access_vanbanden_task_type_manager,vanbanden.task.type manager,model_vanbanden_task_type,vanbanden.group_vanbanden_manager,1,1,1,1
access_vanbanden_task_type_vanbanden_user,vanbanden.task.type.vanbanden.user,model_vanbanden_task_type,vanbanden.group_vanbanden_user,1,0,0,0
access_vanbanden_vanbanden,vanbanden.vanbanden,model_vanbanden_vanbanden,vanbanden.group_vanbanden_user,1,0,0,0
access_vanbanden_vanbanden_manager,vanbanden.vanbanden,model_vanbanden_vanbanden,vanbanden.group_vanbanden_manager,1,1,1,1
access_resource_calendar,vanbanden.resource_calendar user,resource.model_resource_calendar,vanbanden.group_vanbanden_user,1,0,0,0
access_resource_calendar_attendance,vanbanden.resource_calendar_attendance user,resource.model_resource_calendar_attendance,vanbanden.group_vanbanden_user,1,0,0,0
access_resource_calendar_leaves_user,resource.calendar.leaves user,resource.model_resource_calendar_leaves,vanbanden.group_vanbanden_user,1,1,1,1
access_base_model_ir_attachment_group_vanbanden_user,base.model_ir_attachment-group_vanbanden_user,base.model_ir_attachment,vanbanden.group_vanbanden_user,0,0,0,0
access_base_model_ir_attachment_group_vanbanden_nguoi_khoi_tao,base.model_ir_attachment-group_vanbanden_nguoi_khoi_tao,base.model_ir_attachment,vanbanden.group_vanbanden_nguoi_khoi_tao,1,0,0,0
access_base_model_ir_attachment_group_vanbanden_van_thu,base.model_ir_attachment-group_vanbanden_van_thu,base.model_ir_attachment,vanbanden.group_vanbanden_van_thu,1,1,1,1
access_base_model_ir_attachment_group_vanbanden_thu_ky_cm,base.model_ir_attachment-group_vanbanden_thu_ky_cm,base.model_ir_attachment,vanbanden.group_vanbanden_thu_ky_cm,1,0,0,0
access_base_model_ir_attachment_group_vanbanden_manager,base.model_ir_attachment-group_vanbanden_manager,base.model_ir_attachment,vanbanden.group_vanbanden_manager,1,1,1,1
access_vanbanden_field_all,vanbanden.vanbanden_field_all,model_vanbanden_field,,1,0,0,0
access_thmdocument_file,thmdocument.file,model_thmdocument_file,vanbanden.group_vanbanden_user,1,1,1,1
access_vanbanden_project,vanbanden.project,model_vanbanden_project,vanbanden.group_vanbanden_user,1,1,1,1
