<?xml version="1.0" encoding="utf-8"?>
<odoo>
    <record id="group_vanbanden_user" model="res.groups">
        <field name="name">Người dùng văn bản</field>
        <field name="category_id" ref="base.module_category_vanbanden"/>
        <field name="implied_ids" eval="[(6, 0, [ref('base.group_user')])]"/>
        <field name="users" eval="[(4, ref('base.user_root')),(4, ref('base.default_user'))]"/>
    </record>

    <record id="group_vanbanden_nguoi_khoi_tao" model="res.groups">
        <field name="name">Người khởi tạo</field>
        <field name="category_id" ref="base.module_category_vanbanden"/>
        <field name="implied_ids" eval="[(4, ref('group_vanbanden_user'))]"/>
    </record>

    <record id="group_vanbanden_van_thu" model="res.groups">
        <field name="name">Văn thư</field>
        <field name="category_id" ref="base.module_category_vanbanden"/>
        <field name="implied_ids" eval="[(4, ref('group_vanbanden_user'))]"/>
    </record>

    <record id="group_vanbanden_thu_ky_cm" model="res.groups">
        <field name="name">Chánh VP / Phó Chánh VP</field>
        <field name="category_id" ref="base.module_category_vanbanden"/>
        <field name="implied_ids" eval="[(4, ref('group_vanbanden_user'))]"/>
    </record>

    <record id="group_vanbanden_manager" model="res.groups">
        <field name="name">Người quản lý văn bản</field>
        <field name="category_id" ref="base.module_category_vanbanden"/>
        <field name="implied_ids" eval="[(4, ref('group_vanbanden_user'))]"/>
    </record>


    <record id="group_vanbanden_lanh_dao" model="res.groups">
        <field name="name">Lãnh đạo đơn vị</field>
        <field name="category_id" ref="base.module_category_vanbanden"/>
        <field name="implied_ids" eval="[(4, ref('group_vanbanden_user'))]"/>
    </record>


    <data noupdate="1">
        <!--<record id="base.default_user" model="res.users">-->
            <!--<field name="groups_id" eval="[(4,ref('vanbanden.group_vanbanden_manager'))]"/>-->
        <!--</record>-->

        <!--<record model="ir.rule" id="vanbanden_comp_rule">-->
            <!--<field name="name">Vanbanden: multi-company</field>-->
            <!--<field name="model_id" ref="model_vanbanden_vanbanden"/>-->
            <!--<field name="global" eval="True"/>-->
            <!--<field name="domain_force">['|',-->
                                            <!--('company_id', '=', False),-->
                                            <!--('company_id', 'child_of', [user.company_id.id]),-->
                                        <!--]</field>-->
        <!--</record>-->

        <record model="ir.rule" id="vanbanden_vanbanden_manager_full_access">
            <field name="name">Văn bản: Người quản lý văn bản - được toàn quyền sửa</field>
            <field name="model_id" ref="model_vanbanden_vanbanden"/>
            <field name="domain_force">[(1,'=', 1)]</field>
            <field name="groups" eval="[(4,ref('vanbanden.group_vanbanden_manager'))]"/>
        </record>

        <record model="ir.rule" id="vanbanden_vanbanden_user_view_only">
            <field name="name">Văn bản: Người dùng văn bản - chỉ được xem</field>
            <field name="model_id" ref="model_vanbanden_vanbanden"/>
            <field name="domain_force">[(1,'=', 1)]</field>
            <field name="groups" eval="[(4,ref('vanbanden.group_vanbanden_user'))]"/>
            <field eval="0" name="perm_unlink"/>
            <field eval="0" name="perm_write"/>
            <field eval="1" name="perm_read"/>
            <field eval="0" name="perm_create"/>
        </record>

        <!--<record model="ir.rule" id="vanbanden_vanbanden_user_view_only">-->
            <!--<field name="name">Vanbanden: employees: following required for follower-only vanbandens</field>-->
            <!--<field name="model_id" ref="model_vanbanden_vanbanden"/>-->
            <!--<field name="domain_force">['|',-->
                                            <!--('privacy_visibility', '!=', 'followers'),-->
                                            <!--('message_partner_ids', 'in', [user.partner_id.id])-->
                                        <!--]</field>-->
            <!--<field name="groups" eval="[(4, ref('base.group_user'))]"/>-->
        <!--</record>-->

        <!--<record model="ir.rule" id="task_comp_rule">-->
            <!--<field name="name">Vanbanden/Task: multi-company</field>-->
            <!--<field name="model_id" ref="model_vanbanden_task"/>-->
            <!--<field name="global" eval="True"/>-->
            <!--<field name="domain_force">['|',-->
                                    <!--('company_id', '=', False),-->
                                    <!--('company_id', 'child_of', [user.company_id.id]),-->
                                <!--]</field>-->
        <!--</record>-->
        <!--<record model="ir.rule" id="vanbanden_task_vanbanden_user_view_only">-->
            <!--<field name="name">Văn bản/Văn bản đến: Người dùng văn bản - chỉ được phép xem</field>-->
            <!--<field name="model_id" ref="model_vanbanden_task"/>-->
            <!--<field name="groups" eval="[(4,ref('vanbanden.group_vanbanden_user'))]"/>-->
            <!--<field eval="0" name="perm_unlink"/>-->
            <!--<field eval="0" name="perm_write"/>-->
            <!--<field eval="1" name="perm_read"/>-->
            <!--<field eval="0" name="perm_create"/>-->
        <!--</record>-->
        <record model="ir.rule" id="vanbanden_task_vanbanden_user_view_related_only">
            <field name="name">Văn bản/Văn bản đến: Người dùng văn bản - chỉ được xem văn bản liên quan</field>
            <field name="model_id" ref="model_vanbanden_task"/>
            <field name="domain_force">[
                '|',
                    ('vanbanden_id.message_partner_ids', 'in', [user.partner_id.id]),
                    '|',
                        ('message_partner_ids', 'in', [user.partner_id.id]),
                        ('user_id', '=', user.id)]</field>
            <field name="groups" eval="[(4,ref('vanbanden.group_vanbanden_user'))]"/>
            <field eval="0" name="perm_unlink"/>
            <field eval="0" name="perm_write"/>
            <field eval="1" name="perm_read"/>
            <field eval="0" name="perm_create"/>
        </record>
        <!--<record model="ir.rule" id="task_visibility_rule">-->
            <!--<field name="name">Văn bản/Văn bản đến: chỉ hiện thị cho người dùng văn bản có liên quan</field>-->
            <!--<field name="model_id" ref="model_vanbanden_task"/>-->
            <!--<field name="domain_force">[-->
                <!--'|',-->
                    <!--('vanbanden_id.message_partner_ids', 'in', [user.partner_id.id]),-->
                    <!--'|',-->
                        <!--('message_partner_ids', 'in', [user.partner_id.id]),-->
                        <!--('user_id', '=', user.id)]</field>-->
            <!--<field name="groups" eval="[(4,ref('base.group_user'))]"/>-->
        <!--</record>-->

        <!--<record model="ir.rule" id="vanbanden_manager_all_vanbanden_tasks_rule">-->
            <!--<field name="name">Vanbanden/Task: vanbanden manager: see all</field>-->
            <!--<field name="model_id" ref="model_vanbanden_task"/>-->
            <!--<field name="domain_force">[(1, '=', 1)]</field>-->
            <!--<field name="groups" eval="[(4,ref('vanbanden.group_vanbanden_manager'))]"/>-->
        <!--</record>-->

        <!--<record model="ir.rule" id="report_vanbanden_task_user_report_comp_rule">-->
            <!--<field name="name">Task Analysis multi-company</field>-->
            <!--<field name="model_id" ref="model_report_vanbanden_task_user"/>-->
            <!--<field name="global" eval="True"/>-->
            <!--<field name="domain_force">['|',('company_id','=',False),('company_id','child_of',[user.company_id.id])]</field>-->
        <!--</record>-->

        <record model="ir.rule" id="vanbanden_task_vanbanden_user_view_all">
            <field name="name">Văn bản/Văn bản đến: Người dùng văn bản - chỉ được xem văn bản liên quan</field>
            <field name="model_id" ref="model_vanbanden_task"/>
            <field name="domain_force">[(1,'=', 1)]</field>
            <field name="groups" eval="[(4, ref('vanbanden.group_vanbanden_thu_ky_cm')), (4, ref('vanbanden.group_vanbanden_van_thu'))]"/>
            <field eval="1" name="perm_unlink"/>
            <field eval="1" name="perm_write"/>
            <field eval="1" name="perm_read"/>
            <field eval="1" name="perm_create"/>
        </record>


        <record model="ir.rule" id="vanbanden_task_vanbanden_lanh_dao_view_own">
            <field name="name">Văn bản/Văn bản đến: Lanh dao chi duoc xem cua ho</field>
            <field name="model_id" ref="model_vanbanden_task"/>
            <field name="domain_force">['|', ('stage_id', '=', 3),('user_id', '=', user.id)]</field>
            <field name="groups" eval="[(4, ref('vanbanden.group_vanbanden_lanh_dao'))]"/>
            <field eval="0" name="perm_unlink"/>
            <field eval="0" name="perm_write"/>
            <field eval="1" name="perm_read"/>
            <field eval="0" name="perm_create"/>
        </record>

    </data>

</odoo>
