<?xml version="1.0" encoding="utf-8"?>
<odoo>
    <record id="group_vanbandi_user" model="res.groups">
        <field name="name">Người dùng văn bản</field>

        <field name="implied_ids" eval="[(6, 0, [ref('base.group_user')])]"/>
        <field name="users" eval="[(4, ref('base.user_root')),(4, ref('base.default_user'))]"/>
    </record>

    <record id="group_vanbandi_manager" model="res.groups">
        <field name="name">Người quản lý văn bản</field>
        <field name="implied_ids" eval="[(4, ref('group_vanbandi_user'))]"/>
    </record>


<data noupdate="1">


        <record model="ir.rule" id="vanbandi_vanbandi_manager_full_access">
            <field name="name">Văn bản: Người quản lý văn bản - được toàn quyền sửa</field>
            <field name="model_id" ref="model_vanbandi_vanbandi"/>
            <field name="domain_force">[(1,'=', 1)]</field>
            <field name="groups" eval="[(4,ref('vanbandi.group_vanbandi_manager'))]"/>
        </record>



    </data>
</odoo>
