<?xml version="1.0" encoding="utf-8"?>
<odoo>
    <data noupdate="1">

        <!-- This will set the unit of measure used in vanbandens and tasks.-->
        <record id="base.main_company" model="res.company">
            <field name="vanbanden_time_mode_id" ref="product.product_uom_hour"></field>
        </record>

        <!-- Requests Links -->
        <record id="req_link_vanbanden" model="res.request.link">
            <field name="name">Vanbanden</field>
            <field name="object">vanbanden.vanbanden</field>
        </record>

        <record id="req_link_task" model="res.request.link">
            <field name="name">Vanbanden task</field>
            <field name="object">vanbanden.task</field>
        </record>

        <!-- alias domain: vanbanden.config.settings -->
        <function id="default_alias_domain_vanbanden" model="ir.values" name="set_default" eval="('vanbanden.config.settings', 'generate_vanbanden_alias', 1)"/>


        <!-- sale_timesheet and vanbanden define the same field without depending on each, which causes the field to be deleted when the module that created it
        is deleted. To avoid this, we create xmlids manually for this field in both modules to prevent accidental deletion. To fix in saas-7 by moving the field definition-->
        <record id="duplicate_field_xmlid" model="ir.model.data">
            <field name="res_id" search="[('model','=','res.company'),('name','=','vanbanden_time_mode_id')]" model="ir.model.fields"/>
            <field name="model">ir.model.fields</field>
            <field name="module">vanbanden</field>
            <field name="name">vanbanden_time_mode_id_duplicate_xmlid</field>
            <field name="noupdate">True</field>
        </record>

    </data>


        <!-- Task-related subtypes for messaging / Chatter -->
        <record id="mt_task_new" model="mail.message.subtype">
            <field name="name">Task Opened</field>
            <field name="res_model">vanbanden.task</field>
            <field name="default" eval="False"/>
            <field name="hidden" eval="False"/>
            <field name="description">Task opened</field>
        </record>
        <record id="mt_task_blocked" model="mail.message.subtype">
            <field name="name">Task Blocked</field>
            <field name="res_model">vanbanden.task</field>
            <field name="default" eval="False"/>
            <field name="description">Task blocked</field>
        </record>
        <record id="mt_task_ready" model="mail.message.subtype">
            <field name="name">Task Ready</field>
            <field name="res_model">vanbanden.task</field>
            <field name="default" eval="False"/>
            <field name="description">Task ready for Next Stage</field>
        </record>
        <record id="mt_task_stage" model="mail.message.subtype">
            <field name="name">Stage Changed</field>
            <field name="res_model">vanbanden.task</field>
            <field name="default" eval="False"/>
            <field name="description">Stage changed</field>
        </record>
        <!-- Vanbanden-related subtypes for messaging / Chatter -->
        <record id="mt_vanbanden_task_new" model="mail.message.subtype">
            <field name="name">Task Opened</field>
            <field name="sequence">10</field>
            <field name="res_model">vanbanden.vanbanden</field>
            <field name="default" eval="True"/>
            <field name="parent_id" eval="ref('mt_task_new')"/>
            <field name="relation_field">vanbanden_id</field>
        </record>
        <record id="mt_vanbanden_task_blocked" model="mail.message.subtype">
            <field name="name">Task Blocked</field>
            <field name="sequence">11</field>
            <field name="res_model">vanbanden.vanbanden</field>
            <field name="default" eval="False"/>
            <field name="parent_id" eval="ref('mt_task_blocked')"/>
            <field name="relation_field">vanbanden_id</field>
        </record>
        <record id="mt_vanbanden_task_ready" model="mail.message.subtype">
            <field name="name">Task Ready</field>
            <field name="sequence">12</field>
            <field name="res_model">vanbanden.vanbanden</field>
            <field name="default" eval="False"/>
            <field name="parent_id" eval="ref('mt_task_ready')"/>
            <field name="relation_field">vanbanden_id</field>
        </record>
        <record id="mt_vanbanden_task_stage" model="mail.message.subtype">
            <field name="name">Task Stage Changed</field>
            <field name="sequence">13</field>
            <field name="res_model">vanbanden.vanbanden</field>
            <field name="default" eval="False"/>
            <field name="parent_id" eval="ref('mt_task_stage')"/>
            <field name="relation_field">vanbanden_id</field>
        </record>

        <record model="mail.message" id="module_install_notification">
            <field name="model">mail.channel</field>
            <field name="res_id" ref="mail.channel_all_employees"/>
            <field name="message_type">notification</field>
            <field name="subtype_id" ref="mail.mt_comment"/>
            <field name="subject">Vanbanden Management application installed!</field>
            <field name="body"><![CDATA[<p>Manage your vanbandens and tasks in a clean kanban view.</p>]]></field>
        </record>

    <data noupdate="1">

        <record forcecreate="False" id="vanbanden_vanbanden_data" model="vanbanden.vanbanden">
            <field name="name">Start here to discover Odoo</field>
            <field name="privacy_visibility">followers</field>
            <field name="user_id" ref="base.user_root"/>
            <field name="active" eval="False"/>
            <field name="alias_model">vanbanden.task</field>
            <field name="alias_name">discover</field>
            <field name="alias_model_id" ref="model_vanbanden_task"/>
            <field name="alias_contact">everyone</field>
            <field name="alias_defaults">{'vanbanden_id': 1}</field>
            <field name="alias_force_thread_id">0</field>
            <field name="alias_parent_model_id" ref="model_vanbanden_vanbanden"/>
        </record>


        <record forcecreate="False" id="vanbanden_field_data_0" model="vanbanden.field">
            <field name="name">Sổ công văn đến</field>
        </record>

        <record forcecreate="False" id="vanbanden_field_data_1" model="vanbanden.field">
            <field name="name">Sổ quản lý văn bản đến</field>
        </record>

        <record forcecreate="False" id="vanbanden_field_data_2" model="vanbanden.field">
            <field name="name">Sổ CV đến HDQT</field>
        </record>

        <!-- Users -->
        <!--<record id="base.user_demo" model="res.users">-->
            <!--<field name="groups_id" eval="[(4, ref('group_vanbanden_manager'))]"/>-->
        <!--</record>-->

        <!-- Email templates -->
        <record id="mail_template_data_vanbanden_task" model="mail.template">
            <field name="name">Task: Reception Acknowledgment</field>
            <field name="subject">Reception of ${object.name}</field>
            <field name="model_id" ref="vanbanden.model_vanbanden_task"/>
            <field name="use_default_to" eval="True"/>
            <field name="body_html"><![CDATA[
<p>Dear ${object.partner_id.name or 'customer'},</p>
<p>Thank you for your enquiry.<br /></p>
<p>If you have any questions, please let us know.</p>
<p>Best regards,</p>]]></field>
            <field name="auto_delete" eval="True"/>
        </record>

        <!-- Stages -->
        <record id="vanbanden_stage_0" model="vanbanden.task.type">
            <field name="sequence">1</field>
            <field name="name">Van Thu</field>
            <field name="legend_blocked">Not validated</field>
            <field name="legend_priority">Use the priority for tasks related to gold customers</field>
            <field name="mail_template_id" ref="vanbanden.mail_template_data_vanbanden_task"/>
        </record>
        <record id="vanbanden_stage_1" model="vanbanden.task.type">
            <field name="sequence">2</field>
            <field name="name">Chanh VP / Pho CVP</field>
            <field name="legend_blocked">Not validated</field>
            <field name="legend_done">Ready for next stage</field>
        </record>
        <record id="vanbanden_stage_2" model="vanbanden.task.type">
            <field name="sequence">3</field>
            <field name="name">Lanh Dao Don Vi</field>
            <field name="legend_blocked">Not validated</field>
            <field name="legend_done">Ready for next stage</field>
        </record>
        <record id="vanbanden_stage_3" model="vanbanden.task.type">
            <field name="sequence">4</field>
            <field name="name">Done</field>

        </record>

        <record id="vanbanden_stage_4" model="vanbanden.task.type">
            <field name="sequence">5</field>
            <field name="name">Cancelled</field>
            <field name="legend_done">Ready to reopen</field>
        </record>

        <record id="vanbanden_vanbanden_1" model="vanbanden.vanbanden">
            <field name="date_start" eval="time.strftime('%Y-%m-01 10:00:00')"/>
            <field name="name">Văn bản đến</field>
            <field name="color">3</field>
            <field name="user_id" ref="base.user_root"/>
            <field name="alias_model">vanbanden.task</field>
            <field name="type_ids" eval="[(4, ref('vanbanden_stage_0')), (4, ref('vanbanden_stage_1')), (4, ref('vanbanden_stage_2')), (4, ref('vanbanden_stage_3')), (4, ref('vanbanden_stage_4'))]"/>
        </record>

    </data>

</odoo>
